bulbasaur,https://pokeapi.co/api/v2/pokemon-species/1/
ivysaur,https://pokeapi.co/api/v2/pokemon-species/2/
venusaur,https://pokeapi.co/api/v2/pokemon-species/3/
charmander,https://pokeapi.co/api/v2/pokemon-species/4/
charmeleon,https://pokeapi.co/api/v2/pokemon-species/5/
charizard,https://pokeapi.co/api/v2/pokemon-species/6/
squirtle,https://pokeapi.co/api/v2/pokemon-species/7/
wartortle,https://pokeapi.co/api/v2/pokemon-species/8/
blastoise,https://pokeapi.co/api/v2/pokemon-species/9/
caterpie,https://pokeapi.co/api/v2/pokemon-species/10/
metapod,https://pokeapi.co/api/v2/pokemon-species/11/
butterfree,https://pokeapi.co/api/v2/pokemon-species/12/
weedle,https://pokeapi.co/api/v2/pokemon-species/13/
kakuna,https://pokeapi.co/api/v2/pokemon-species/14/
beedrill,https://pokeapi.co/api/v2/pokemon-species/15/
pidgey,https://pokeapi.co/api/v2/pokemon-species/16/
pidgeotto,https://pokeapi.co/api/v2/pokemon-species/17/
pidgeot,https://pokeapi.co/api/v2/pokemon-species/18/
rattata,https://pokeapi.co/api/v2/pokemon-species/19/
raticate,https://pokeapi.co/api/v2/pokemon-species/20/
spearow,https://pokeapi.co/api/v2/pokemon-species/21/
fearow,https://pokeapi.co/api/v2/pokemon-species/22/
ekans,https://pokeapi.co/api/v2/pokemon-species/23/
arbok,https://pokeapi.co/api/v2/pokemon-species/24/
pikachu,https://pokeapi.co/api/v2/pokemon-species/25/
raichu,https://pokeapi.co/api/v2/pokemon-species/26/
sandshrew,https://pokeapi.co/api/v2/pokemon-species/27/
sandslash,https://pokeapi.co/api/v2/pokemon-species/28/
nidoran-f,https://pokeapi.co/api/v2/pokemon-species/29/
nidorina,https://pokeapi.co/api/v2/pokemon-species/30/
nidoqueen,https://pokeapi.co/api/v2/pokemon-species/31/
nidoran-m,https://pokeapi.co/api/v2/pokemon-species/32/
nidorino,https://pokeapi.co/api/v2/pokemon-species/33/
nidoking,https://pokeapi.co/api/v2/pokemon-species/34/
clefairy,https://pokeapi.co/api/v2/pokemon-species/35/
clefable,https://pokeapi.co/api/v2/pokemon-species/36/
vulpix,https://pokeapi.co/api/v2/pokemon-species/37/
ninetales,https://pokeapi.co/api/v2/pokemon-species/38/
jigglypuff,https://pokeapi.co/api/v2/pokemon-species/39/
wigglytuff,https://pokeapi.co/api/v2/pokemon-species/40/
zubat,https://pokeapi.co/api/v2/pokemon-species/41/
golbat,https://pokeapi.co/api/v2/pokemon-species/42/
oddish,https://pokeapi.co/api/v2/pokemon-species/43/
gloom,https://pokeapi.co/api/v2/pokemon-species/44/
vileplume,https://pokeapi.co/api/v2/pokemon-species/45/
paras,https://pokeapi.co/api/v2/pokemon-species/46/
parasect,https://pokeapi.co/api/v2/pokemon-species/47/
venonat,https://pokeapi.co/api/v2/pokemon-species/48/
venomoth,https://pokeapi.co/api/v2/pokemon-species/49/
diglett,https://pokeapi.co/api/v2/pokemon-species/50/
dugtrio,https://pokeapi.co/api/v2/pokemon-species/51/
meowth,https://pokeapi.co/api/v2/pokemon-species/52/
persian,https://pokeapi.co/api/v2/pokemon-species/53/
psyduck,https://pokeapi.co/api/v2/pokemon-species/54/
golduck,https://pokeapi.co/api/v2/pokemon-species/55/
mankey,https://pokeapi.co/api/v2/pokemon-species/56/
primeape,https://pokeapi.co/api/v2/pokemon-species/57/
growlithe,https://pokeapi.co/api/v2/pokemon-species/58/
arcanine,https://pokeapi.co/api/v2/pokemon-species/59/
poliwag,https://pokeapi.co/api/v2/pokemon-species/60/
poliwhirl,https://pokeapi.co/api/v2/pokemon-species/61/
poliwrath,https://pokeapi.co/api/v2/pokemon-species/62/
abra,https://pokeapi.co/api/v2/pokemon-species/63/
kadabra,https://pokeapi.co/api/v2/pokemon-species/64/
alakazam,https://pokeapi.co/api/v2/pokemon-species/65/
machop,https://pokeapi.co/api/v2/pokemon-species/66/
machoke,https://pokeapi.co/api/v2/pokemon-species/67/
machamp,https://pokeapi.co/api/v2/pokemon-species/68/
bellsprout,https://pokeapi.co/api/v2/pokemon-species/69/
weepinbell,https://pokeapi.co/api/v2/pokemon-species/70/
victreebel,https://pokeapi.co/api/v2/pokemon-species/71/
tentacool,https://pokeapi.co/api/v2/pokemon-species/72/
tentacruel,https://pokeapi.co/api/v2/pokemon-species/73/
geodude,https://pokeapi.co/api/v2/pokemon-species/74/
graveler,https://pokeapi.co/api/v2/pokemon-species/75/
golem,https://pokeapi.co/api/v2/pokemon-species/76/
ponyta,https://pokeapi.co/api/v2/pokemon-species/77/
rapidash,https://pokeapi.co/api/v2/pokemon-species/78/
slowpoke,https://pokeapi.co/api/v2/pokemon-species/79/
slowbro,https://pokeapi.co/api/v2/pokemon-species/80/
magnemite,https://pokeapi.co/api/v2/pokemon-species/81/
magneton,https://pokeapi.co/api/v2/pokemon-species/82/
farfetchd,https://pokeapi.co/api/v2/pokemon-species/83/
doduo,https://pokeapi.co/api/v2/pokemon-species/84/
dodrio,https://pokeapi.co/api/v2/pokemon-species/85/
seel,https://pokeapi.co/api/v2/pokemon-species/86/
dewgong,https://pokeapi.co/api/v2/pokemon-species/87/
grimer,https://pokeapi.co/api/v2/pokemon-species/88/
muk,https://pokeapi.co/api/v2/pokemon-species/89/
shellder,https://pokeapi.co/api/v2/pokemon-species/90/
cloyster,https://pokeapi.co/api/v2/pokemon-species/91/
gastly,https://pokeapi.co/api/v2/pokemon-species/92/
haunter,https://pokeapi.co/api/v2/pokemon-species/93/
gengar,https://pokeapi.co/api/v2/pokemon-species/94/
onix,https://pokeapi.co/api/v2/pokemon-species/95/
drowzee,https://pokeapi.co/api/v2/pokemon-species/96/
hypno,https://pokeapi.co/api/v2/pokemon-species/97/
krabby,https://pokeapi.co/api/v2/pokemon-species/98/
kingler,https://pokeapi.co/api/v2/pokemon-species/99/
voltorb,https://pokeapi.co/api/v2/pokemon-species/100/
electrode,https://pokeapi.co/api/v2/pokemon-species/101/
exeggcute,https://pokeapi.co/api/v2/pokemon-species/102/
exeggutor,https://pokeapi.co/api/v2/pokemon-species/103/
cubone,https://pokeapi.co/api/v2/pokemon-species/104/
marowak,https://pokeapi.co/api/v2/pokemon-species/105/
hitmonlee,https://pokeapi.co/api/v2/pokemon-species/106/
hitmonchan,https://pokeapi.co/api/v2/pokemon-species/107/
lickitung,https://pokeapi.co/api/v2/pokemon-species/108/
koffing,https://pokeapi.co/api/v2/pokemon-species/109/
weezing,https://pokeapi.co/api/v2/pokemon-species/110/
rhyhorn,https://pokeapi.co/api/v2/pokemon-species/111/
rhydon,https://pokeapi.co/api/v2/pokemon-species/112/
chansey,https://pokeapi.co/api/v2/pokemon-species/113/
tangela,https://pokeapi.co/api/v2/pokemon-species/114/
kangaskhan,https://pokeapi.co/api/v2/pokemon-species/115/
horsea,https://pokeapi.co/api/v2/pokemon-species/116/
seadra,https://pokeapi.co/api/v2/pokemon-species/117/
goldeen,https://pokeapi.co/api/v2/pokemon-species/118/
seaking,https://pokeapi.co/api/v2/pokemon-species/119/
staryu,https://pokeapi.co/api/v2/pokemon-species/120/
starmie,https://pokeapi.co/api/v2/pokemon-species/121/
mr-mime,https://pokeapi.co/api/v2/pokemon-species/122/
scyther,https://pokeapi.co/api/v2/pokemon-species/123/
jynx,https://pokeapi.co/api/v2/pokemon-species/124/
electabuzz,https://pokeapi.co/api/v2/pokemon-species/125/
magmar,https://pokeapi.co/api/v2/pokemon-species/126/
pinsir,https://pokeapi.co/api/v2/pokemon-species/127/
tauros,https://pokeapi.co/api/v2/pokemon-species/128/
magikarp,https://pokeapi.co/api/v2/pokemon-species/129/
gyarados,https://pokeapi.co/api/v2/pokemon-species/130/
lapras,https://pokeapi.co/api/v2/pokemon-species/131/
ditto,https://pokeapi.co/api/v2/pokemon-species/132/
eevee,https://pokeapi.co/api/v2/pokemon-species/133/
vaporeon,https://pokeapi.co/api/v2/pokemon-species/134/
jolteon,https://pokeapi.co/api/v2/pokemon-species/135/
flareon,https://pokeapi.co/api/v2/pokemon-species/136/
porygon,https://pokeapi.co/api/v2/pokemon-species/137/
omanyte,https://pokeapi.co/api/v2/pokemon-species/138/
omastar,https://pokeapi.co/api/v2/pokemon-species/139/
kabuto,https://pokeapi.co/api/v2/pokemon-species/140/
kabutops,https://pokeapi.co/api/v2/pokemon-species/141/
aerodactyl,https://pokeapi.co/api/v2/pokemon-species/142/
snorlax,https://pokeapi.co/api/v2/pokemon-species/143/
articuno,https://pokeapi.co/api/v2/pokemon-species/144/
zapdos,https://pokeapi.co/api/v2/pokemon-species/145/
moltres,https://pokeapi.co/api/v2/pokemon-species/146/
dratini,https://pokeapi.co/api/v2/pokemon-species/147/
dragonair,https://pokeapi.co/api/v2/pokemon-species/148/
dragonite,https://pokeapi.co/api/v2/pokemon-species/149/
mewtwo,https://pokeapi.co/api/v2/pokemon-species/150/
mew,https://pokeapi.co/api/v2/pokemon-species/151/
chikorita,https://pokeapi.co/api/v2/pokemon-species/152/
bayleef,https://pokeapi.co/api/v2/pokemon-species/153/
meganium,https://pokeapi.co/api/v2/pokemon-species/154/
cyndaquil,https://pokeapi.co/api/v2/pokemon-species/155/
quilava,https://pokeapi.co/api/v2/pokemon-species/156/
typhlosion,https://pokeapi.co/api/v2/pokemon-species/157/
totodile,https://pokeapi.co/api/v2/pokemon-species/158/
croconaw,https://pokeapi.co/api/v2/pokemon-species/159/
feraligatr,https://pokeapi.co/api/v2/pokemon-species/160/
sentret,https://pokeapi.co/api/v2/pokemon-species/161/
furret,https://pokeapi.co/api/v2/pokemon-species/162/
hoothoot,https://pokeapi.co/api/v2/pokemon-species/163/
noctowl,https://pokeapi.co/api/v2/pokemon-species/164/
ledyba,https://pokeapi.co/api/v2/pokemon-species/165/
ledian,https://pokeapi.co/api/v2/pokemon-species/166/
spinarak,https://pokeapi.co/api/v2/pokemon-species/167/
ariados,https://pokeapi.co/api/v2/pokemon-species/168/
crobat,https://pokeapi.co/api/v2/pokemon-species/169/
chinchou,https://pokeapi.co/api/v2/pokemon-species/170/
lanturn,https://pokeapi.co/api/v2/pokemon-species/171/
pichu,https://pokeapi.co/api/v2/pokemon-species/172/
cleffa,https://pokeapi.co/api/v2/pokemon-species/173/
igglybuff,https://pokeapi.co/api/v2/pokemon-species/174/
togepi,https://pokeapi.co/api/v2/pokemon-species/175/
togetic,https://pokeapi.co/api/v2/pokemon-species/176/
natu,https://pokeapi.co/api/v2/pokemon-species/177/
xatu,https://pokeapi.co/api/v2/pokemon-species/178/
mareep,https://pokeapi.co/api/v2/pokemon-species/179/
flaaffy,https://pokeapi.co/api/v2/pokemon-species/180/
ampharos,https://pokeapi.co/api/v2/pokemon-species/181/
bellossom,https://pokeapi.co/api/v2/pokemon-species/182/
marill,https://pokeapi.co/api/v2/pokemon-species/183/
azumarill,https://pokeapi.co/api/v2/pokemon-species/184/
sudowoodo,https://pokeapi.co/api/v2/pokemon-species/185/
politoed,https://pokeapi.co/api/v2/pokemon-species/186/
hoppip,https://pokeapi.co/api/v2/pokemon-species/187/
skiploom,https://pokeapi.co/api/v2/pokemon-species/188/
jumpluff,https://pokeapi.co/api/v2/pokemon-species/189/
aipom,https://pokeapi.co/api/v2/pokemon-species/190/
sunkern,https://pokeapi.co/api/v2/pokemon-species/191/
sunflora,https://pokeapi.co/api/v2/pokemon-species/192/
yanma,https://pokeapi.co/api/v2/pokemon-species/193/
wooper,https://pokeapi.co/api/v2/pokemon-species/194/
quagsire,https://pokeapi.co/api/v2/pokemon-species/195/
espeon,https://pokeapi.co/api/v2/pokemon-species/196/
umbreon,https://pokeapi.co/api/v2/pokemon-species/197/
murkrow,https://pokeapi.co/api/v2/pokemon-species/198/
slowking,https://pokeapi.co/api/v2/pokemon-species/199/
misdreavus,https://pokeapi.co/api/v2/pokemon-species/200/
unown,https://pokeapi.co/api/v2/pokemon-species/201/
wobbuffet,https://pokeapi.co/api/v2/pokemon-species/202/
girafarig,https://pokeapi.co/api/v2/pokemon-species/203/
pineco,https://pokeapi.co/api/v2/pokemon-species/204/
forretress,https://pokeapi.co/api/v2/pokemon-species/205/
dunsparce,https://pokeapi.co/api/v2/pokemon-species/206/
gligar,https://pokeapi.co/api/v2/pokemon-species/207/
steelix,https://pokeapi.co/api/v2/pokemon-species/208/
snubbull,https://pokeapi.co/api/v2/pokemon-species/209/
granbull,https://pokeapi.co/api/v2/pokemon-species/210/
qwilfish,https://pokeapi.co/api/v2/pokemon-species/211/
scizor,https://pokeapi.co/api/v2/pokemon-species/212/
shuckle,https://pokeapi.co/api/v2/pokemon-species/213/
heracross,https://pokeapi.co/api/v2/pokemon-species/214/
sneasel,https://pokeapi.co/api/v2/pokemon-species/215/
teddiursa,https://pokeapi.co/api/v2/pokemon-species/216/
ursaring,https://pokeapi.co/api/v2/pokemon-species/217/
slugma,https://pokeapi.co/api/v2/pokemon-species/218/
magcargo,https://pokeapi.co/api/v2/pokemon-species/219/
swinub,https://pokeapi.co/api/v2/pokemon-species/220/
piloswine,https://pokeapi.co/api/v2/pokemon-species/221/
corsola,https://pokeapi.co/api/v2/pokemon-species/222/
remoraid,https://pokeapi.co/api/v2/pokemon-species/223/
octillery,https://pokeapi.co/api/v2/pokemon-species/224/
delibird,https://pokeapi.co/api/v2/pokemon-species/225/
mantine,https://pokeapi.co/api/v2/pokemon-species/226/
skarmory,https://pokeapi.co/api/v2/pokemon-species/227/
houndour,https://pokeapi.co/api/v2/pokemon-species/228/
houndoom,https://pokeapi.co/api/v2/pokemon-species/229/
kingdra,https://pokeapi.co/api/v2/pokemon-species/230/
phanpy,https://pokeapi.co/api/v2/pokemon-species/231/
donphan,https://pokeapi.co/api/v2/pokemon-species/232/
porygon2,https://pokeapi.co/api/v2/pokemon-species/233/
stantler,https://pokeapi.co/api/v2/pokemon-species/234/
smeargle,https://pokeapi.co/api/v2/pokemon-species/235/
tyrogue,https://pokeapi.co/api/v2/pokemon-species/236/
hitmontop,https://pokeapi.co/api/v2/pokemon-species/237/
smoochum,https://pokeapi.co/api/v2/pokemon-species/238/
elekid,https://pokeapi.co/api/v2/pokemon-species/239/
magby,https://pokeapi.co/api/v2/pokemon-species/240/
miltank,https://pokeapi.co/api/v2/pokemon-species/241/
blissey,https://pokeapi.co/api/v2/pokemon-species/242/
raikou,https://pokeapi.co/api/v2/pokemon-species/243/
entei,https://pokeapi.co/api/v2/pokemon-species/244/
suicune,https://pokeapi.co/api/v2/pokemon-species/245/
larvitar,https://pokeapi.co/api/v2/pokemon-species/246/
pupitar,https://pokeapi.co/api/v2/pokemon-species/247/
tyranitar,https://pokeapi.co/api/v2/pokemon-species/248/
lugia,https://pokeapi.co/api/v2/pokemon-species/249/
ho-oh,https://pokeapi.co/api/v2/pokemon-species/250/
celebi,https://pokeapi.co/api/v2/pokemon-species/251/
treecko,https://pokeapi.co/api/v2/pokemon-species/252/
grovyle,https://pokeapi.co/api/v2/pokemon-species/253/
sceptile,https://pokeapi.co/api/v2/pokemon-species/254/
torchic,https://pokeapi.co/api/v2/pokemon-species/255/
combusken,https://pokeapi.co/api/v2/pokemon-species/256/
blaziken,https://pokeapi.co/api/v2/pokemon-species/257/
mudkip,https://pokeapi.co/api/v2/pokemon-species/258/
marshtomp,https://pokeapi.co/api/v2/pokemon-species/259/
swampert,https://pokeapi.co/api/v2/pokemon-species/260/
poochyena,https://pokeapi.co/api/v2/pokemon-species/261/
mightyena,https://pokeapi.co/api/v2/pokemon-species/262/
zigzagoon,https://pokeapi.co/api/v2/pokemon-species/263/
linoone,https://pokeapi.co/api/v2/pokemon-species/264/
wurmple,https://pokeapi.co/api/v2/pokemon-species/265/
silcoon,https://pokeapi.co/api/v2/pokemon-species/266/
beautifly,https://pokeapi.co/api/v2/pokemon-species/267/
cascoon,https://pokeapi.co/api/v2/pokemon-species/268/
dustox,https://pokeapi.co/api/v2/pokemon-species/269/
lotad,https://pokeapi.co/api/v2/pokemon-species/270/
lombre,https://pokeapi.co/api/v2/pokemon-species/271/
ludicolo,https://pokeapi.co/api/v2/pokemon-species/272/
seedot,https://pokeapi.co/api/v2/pokemon-species/273/
nuzleaf,https://pokeapi.co/api/v2/pokemon-species/274/
shiftry,https://pokeapi.co/api/v2/pokemon-species/275/
taillow,https://pokeapi.co/api/v2/pokemon-species/276/
swellow,https://pokeapi.co/api/v2/pokemon-species/277/
wingull,https://pokeapi.co/api/v2/pokemon-species/278/
pelipper,https://pokeapi.co/api/v2/pokemon-species/279/
ralts,https://pokeapi.co/api/v2/pokemon-species/280/
kirlia,https://pokeapi.co/api/v2/pokemon-species/281/
gardevoir,https://pokeapi.co/api/v2/pokemon-species/282/
surskit,https://pokeapi.co/api/v2/pokemon-species/283/
masquerain,https://pokeapi.co/api/v2/pokemon-species/284/
shroomish,https://pokeapi.co/api/v2/pokemon-species/285/
breloom,https://pokeapi.co/api/v2/pokemon-species/286/
slakoth,https://pokeapi.co/api/v2/pokemon-species/287/
vigoroth,https://pokeapi.co/api/v2/pokemon-species/288/
slaking,https://pokeapi.co/api/v2/pokemon-species/289/
nincada,https://pokeapi.co/api/v2/pokemon-species/290/
ninjask,https://pokeapi.co/api/v2/pokemon-species/291/
shedinja,https://pokeapi.co/api/v2/pokemon-species/292/
whismur,https://pokeapi.co/api/v2/pokemon-species/293/
loudred,https://pokeapi.co/api/v2/pokemon-species/294/
exploud,https://pokeapi.co/api/v2/pokemon-species/295/
makuhita,https://pokeapi.co/api/v2/pokemon-species/296/
hariyama,https://pokeapi.co/api/v2/pokemon-species/297/
azurill,https://pokeapi.co/api/v2/pokemon-species/298/
nosepass,https://pokeapi.co/api/v2/pokemon-species/299/
skitty,https://pokeapi.co/api/v2/pokemon-species/300/
delcatty,https://pokeapi.co/api/v2/pokemon-species/301/
sableye,https://pokeapi.co/api/v2/pokemon-species/302/
mawile,https://pokeapi.co/api/v2/pokemon-species/303/
aron,https://pokeapi.co/api/v2/pokemon-species/304/
lairon,https://pokeapi.co/api/v2/pokemon-species/305/
aggron,https://pokeapi.co/api/v2/pokemon-species/306/
meditite,https://pokeapi.co/api/v2/pokemon-species/307/
medicham,https://pokeapi.co/api/v2/pokemon-species/308/
electrike,https://pokeapi.co/api/v2/pokemon-species/309/
manectric,https://pokeapi.co/api/v2/pokemon-species/310/
plusle,https://pokeapi.co/api/v2/pokemon-species/311/
minun,https://pokeapi.co/api/v2/pokemon-species/312/
volbeat,https://pokeapi.co/api/v2/pokemon-species/313/
illumise,https://pokeapi.co/api/v2/pokemon-species/314/
roselia,https://pokeapi.co/api/v2/pokemon-species/315/
gulpin,https://pokeapi.co/api/v2/pokemon-species/316/
swalot,https://pokeapi.co/api/v2/pokemon-species/317/
carvanha,https://pokeapi.co/api/v2/pokemon-species/318/
sharpedo,https://pokeapi.co/api/v2/pokemon-species/319/
wailmer,https://pokeapi.co/api/v2/pokemon-species/320/
wailord,https://pokeapi.co/api/v2/pokemon-species/321/
numel,https://pokeapi.co/api/v2/pokemon-species/322/
camerupt,https://pokeapi.co/api/v2/pokemon-species/323/
torkoal,https://pokeapi.co/api/v2/pokemon-species/324/
spoink,https://pokeapi.co/api/v2/pokemon-species/325/
grumpig,https://pokeapi.co/api/v2/pokemon-species/326/
spinda,https://pokeapi.co/api/v2/pokemon-species/327/
trapinch,https://pokeapi.co/api/v2/pokemon-species/328/
vibrava,https://pokeapi.co/api/v2/pokemon-species/329/
flygon,https://pokeapi.co/api/v2/pokemon-species/330/
cacnea,https://pokeapi.co/api/v2/pokemon-species/331/
cacturne,https://pokeapi.co/api/v2/pokemon-species/332/
swablu,https://pokeapi.co/api/v2/pokemon-species/333/
altaria,https://pokeapi.co/api/v2/pokemon-species/334/
zangoose,https://pokeapi.co/api/v2/pokemon-species/335/
seviper,https://pokeapi.co/api/v2/pokemon-species/336/
lunatone,https://pokeapi.co/api/v2/pokemon-species/337/
solrock,https://pokeapi.co/api/v2/pokemon-species/338/
barboach,https://pokeapi.co/api/v2/pokemon-species/339/
whiscash,https://pokeapi.co/api/v2/pokemon-species/340/
corphish,https://pokeapi.co/api/v2/pokemon-species/341/
crawdaunt,https://pokeapi.co/api/v2/pokemon-species/342/
baltoy,https://pokeapi.co/api/v2/pokemon-species/343/
claydol,https://pokeapi.co/api/v2/pokemon-species/344/
lileep,https://pokeapi.co/api/v2/pokemon-species/345/
cradily,https://pokeapi.co/api/v2/pokemon-species/346/
anorith,https://pokeapi.co/api/v2/pokemon-species/347/
armaldo,https://pokeapi.co/api/v2/pokemon-species/348/
feebas,https://pokeapi.co/api/v2/pokemon-species/349/
milotic,https://pokeapi.co/api/v2/pokemon-species/350/
castform,https://pokeapi.co/api/v2/pokemon-species/351/
kecleon,https://pokeapi.co/api/v2/pokemon-species/352/
shuppet,https://pokeapi.co/api/v2/pokemon-species/353/
banette,https://pokeapi.co/api/v2/pokemon-species/354/
duskull,https://pokeapi.co/api/v2/pokemon-species/355/
dusclops,https://pokeapi.co/api/v2/pokemon-species/356/
tropius,https://pokeapi.co/api/v2/pokemon-species/357/
chimecho,https://pokeapi.co/api/v2/pokemon-species/358/
absol,https://pokeapi.co/api/v2/pokemon-species/359/
wynaut,https://pokeapi.co/api/v2/pokemon-species/360/
snorunt,https://pokeapi.co/api/v2/pokemon-species/361/
glalie,https://pokeapi.co/api/v2/pokemon-species/362/
spheal,https://pokeapi.co/api/v2/pokemon-species/363/
sealeo,https://pokeapi.co/api/v2/pokemon-species/364/
walrein,https://pokeapi.co/api/v2/pokemon-species/365/
clamperl,https://pokeapi.co/api/v2/pokemon-species/366/
huntail,https://pokeapi.co/api/v2/pokemon-species/367/
gorebyss,https://pokeapi.co/api/v2/pokemon-species/368/
relicanth,https://pokeapi.co/api/v2/pokemon-species/369/
luvdisc,https://pokeapi.co/api/v2/pokemon-species/370/
bagon,https://pokeapi.co/api/v2/pokemon-species/371/
shelgon,https://pokeapi.co/api/v2/pokemon-species/372/
salamence,https://pokeapi.co/api/v2/pokemon-species/373/
beldum,https://pokeapi.co/api/v2/pokemon-species/374/
metang,https://pokeapi.co/api/v2/pokemon-species/375/
metagross,https://pokeapi.co/api/v2/pokemon-species/376/
regirock,https://pokeapi.co/api/v2/pokemon-species/377/
regice,https://pokeapi.co/api/v2/pokemon-species/378/
registeel,https://pokeapi.co/api/v2/pokemon-species/379/
latias,https://pokeapi.co/api/v2/pokemon-species/380/
latios,https://pokeapi.co/api/v2/pokemon-species/381/
kyogre,https://pokeapi.co/api/v2/pokemon-species/382/
groudon,https://pokeapi.co/api/v2/pokemon-species/383/
rayquaza,https://pokeapi.co/api/v2/pokemon-species/384/
jirachi,https://pokeapi.co/api/v2/pokemon-species/385/
deoxys,https://pokeapi.co/api/v2/pokemon-species/386/
turtwig,https://pokeapi.co/api/v2/pokemon-species/387/
grotle,https://pokeapi.co/api/v2/pokemon-species/388/
torterra,https://pokeapi.co/api/v2/pokemon-species/389/
chimchar,https://pokeapi.co/api/v2/pokemon-species/390/
monferno,https://pokeapi.co/api/v2/pokemon-species/391/
infernape,https://pokeapi.co/api/v2/pokemon-species/392/
piplup,https://pokeapi.co/api/v2/pokemon-species/393/
prinplup,https://pokeapi.co/api/v2/pokemon-species/394/
empoleon,https://pokeapi.co/api/v2/pokemon-species/395/
starly,https://pokeapi.co/api/v2/pokemon-species/396/
staravia,https://pokeapi.co/api/v2/pokemon-species/397/
staraptor,https://pokeapi.co/api/v2/pokemon-species/398/
bidoof,https://pokeapi.co/api/v2/pokemon-species/399/
bibarel,https://pokeapi.co/api/v2/pokemon-species/400/
kricketot,https://pokeapi.co/api/v2/pokemon-species/401/
kricketune,https://pokeapi.co/api/v2/pokemon-species/402/
shinx,https://pokeapi.co/api/v2/pokemon-species/403/
luxio,https://pokeapi.co/api/v2/pokemon-species/404/
luxray,https://pokeapi.co/api/v2/pokemon-species/405/
budew,https://pokeapi.co/api/v2/pokemon-species/406/
roserade,https://pokeapi.co/api/v2/pokemon-species/407/
cranidos,https://pokeapi.co/api/v2/pokemon-species/408/
rampardos,https://pokeapi.co/api/v2/pokemon-species/409/
shieldon,https://pokeapi.co/api/v2/pokemon-species/410/
bastiodon,https://pokeapi.co/api/v2/pokemon-species/411/
burmy,https://pokeapi.co/api/v2/pokemon-species/412/
wormadam,https://pokeapi.co/api/v2/pokemon-species/413/
mothim,https://pokeapi.co/api/v2/pokemon-species/414/
combee,https://pokeapi.co/api/v2/pokemon-species/415/
vespiquen,https://pokeapi.co/api/v2/pokemon-species/416/
pachirisu,https://pokeapi.co/api/v2/pokemon-species/417/
buizel,https://pokeapi.co/api/v2/pokemon-species/418/
floatzel,https://pokeapi.co/api/v2/pokemon-species/419/
cherubi,https://pokeapi.co/api/v2/pokemon-species/420/
cherrim,https://pokeapi.co/api/v2/pokemon-species/421/
shellos,https://pokeapi.co/api/v2/pokemon-species/422/
gastrodon,https://pokeapi.co/api/v2/pokemon-species/423/
ambipom,https://pokeapi.co/api/v2/pokemon-species/424/
drifloon,https://pokeapi.co/api/v2/pokemon-species/425/
drifblim,https://pokeapi.co/api/v2/pokemon-species/426/
buneary,https://pokeapi.co/api/v2/pokemon-species/427/
lopunny,https://pokeapi.co/api/v2/pokemon-species/428/
mismagius,https://pokeapi.co/api/v2/pokemon-species/429/
honchkrow,https://pokeapi.co/api/v2/pokemon-species/430/
glameow,https://pokeapi.co/api/v2/pokemon-species/431/
purugly,https://pokeapi.co/api/v2/pokemon-species/432/
chingling,https://pokeapi.co/api/v2/pokemon-species/433/
stunky,https://pokeapi.co/api/v2/pokemon-species/434/
skuntank,https://pokeapi.co/api/v2/pokemon-species/435/
bronzor,https://pokeapi.co/api/v2/pokemon-species/436/
bronzong,https://pokeapi.co/api/v2/pokemon-species/437/
bonsly,https://pokeapi.co/api/v2/pokemon-species/438/
mime-jr,https://pokeapi.co/api/v2/pokemon-species/439/
happiny,https://pokeapi.co/api/v2/pokemon-species/440/
chatot,https://pokeapi.co/api/v2/pokemon-species/441/
spiritomb,https://pokeapi.co/api/v2/pokemon-species/442/
gible,https://pokeapi.co/api/v2/pokemon-species/443/
gabite,https://pokeapi.co/api/v2/pokemon-species/444/
garchomp,https://pokeapi.co/api/v2/pokemon-species/445/
munchlax,https://pokeapi.co/api/v2/pokemon-species/446/
riolu,https://pokeapi.co/api/v2/pokemon-species/447/
lucario,https://pokeapi.co/api/v2/pokemon-species/448/
hippopotas,https://pokeapi.co/api/v2/pokemon-species/449/
hippowdon,https://pokeapi.co/api/v2/pokemon-species/450/
skorupi,https://pokeapi.co/api/v2/pokemon-species/451/
drapion,https://pokeapi.co/api/v2/pokemon-species/452/
croagunk,https://pokeapi.co/api/v2/pokemon-species/453/
toxicroak,https://pokeapi.co/api/v2/pokemon-species/454/
carnivine,https://pokeapi.co/api/v2/pokemon-species/455/
finneon,https://pokeapi.co/api/v2/pokemon-species/456/
lumineon,https://pokeapi.co/api/v2/pokemon-species/457/
mantyke,https://pokeapi.co/api/v2/pokemon-species/458/
snover,https://pokeapi.co/api/v2/pokemon-species/459/
abomasnow,https://pokeapi.co/api/v2/pokemon-species/460/
weavile,https://pokeapi.co/api/v2/pokemon-species/461/
magnezone,https://pokeapi.co/api/v2/pokemon-species/462/
lickilicky,https://pokeapi.co/api/v2/pokemon-species/463/
rhyperior,https://pokeapi.co/api/v2/pokemon-species/464/
tangrowth,https://pokeapi.co/api/v2/pokemon-species/465/
electivire,https://pokeapi.co/api/v2/pokemon-species/466/
magmortar,https://pokeapi.co/api/v2/pokemon-species/467/
togekiss,https://pokeapi.co/api/v2/pokemon-species/468/
yanmega,https://pokeapi.co/api/v2/pokemon-species/469/
leafeon,https://pokeapi.co/api/v2/pokemon-species/470/
glaceon,https://pokeapi.co/api/v2/pokemon-species/471/
gliscor,https://pokeapi.co/api/v2/pokemon-species/472/
mamoswine,https://pokeapi.co/api/v2/pokemon-species/473/
porygon-z,https://pokeapi.co/api/v2/pokemon-species/474/
gallade,https://pokeapi.co/api/v2/pokemon-species/475/
probopass,https://pokeapi.co/api/v2/pokemon-species/476/
dusknoir,https://pokeapi.co/api/v2/pokemon-species/477/
froslass,https://pokeapi.co/api/v2/pokemon-species/478/
rotom,https://pokeapi.co/api/v2/pokemon-species/479/
uxie,https://pokeapi.co/api/v2/pokemon-species/480/
mesprit,https://pokeapi.co/api/v2/pokemon-species/481/
azelf,https://pokeapi.co/api/v2/pokemon-species/482/
dialga,https://pokeapi.co/api/v2/pokemon-species/483/
palkia,https://pokeapi.co/api/v2/pokemon-species/484/
heatran,https://pokeapi.co/api/v2/pokemon-species/485/
regigigas,https://pokeapi.co/api/v2/pokemon-species/486/
giratina,https://pokeapi.co/api/v2/pokemon-species/487/
cresselia,https://pokeapi.co/api/v2/pokemon-species/488/
phione,https://pokeapi.co/api/v2/pokemon-species/489/
manaphy,https://pokeapi.co/api/v2/pokemon-species/490/
darkrai,https://pokeapi.co/api/v2/pokemon-species/491/
shaymin,https://pokeapi.co/api/v2/pokemon-species/492/
arceus,https://pokeapi.co/api/v2/pokemon-species/493/
victini,https://pokeapi.co/api/v2/pokemon-species/494/
snivy,https://pokeapi.co/api/v2/pokemon-species/495/
servine,https://pokeapi.co/api/v2/pokemon-species/496/
serperior,https://pokeapi.co/api/v2/pokemon-species/497/
tepig,https://pokeapi.co/api/v2/pokemon-species/498/
pignite,https://pokeapi.co/api/v2/pokemon-species/499/
emboar,https://pokeapi.co/api/v2/pokemon-species/500/
oshawott,https://pokeapi.co/api/v2/pokemon-species/501/
dewott,https://pokeapi.co/api/v2/pokemon-species/502/
samurott,https://pokeapi.co/api/v2/pokemon-species/503/
patrat,https://pokeapi.co/api/v2/pokemon-species/504/
watchog,https://pokeapi.co/api/v2/pokemon-species/505/
lillipup,https://pokeapi.co/api/v2/pokemon-species/506/
herdier,https://pokeapi.co/api/v2/pokemon-species/507/
stoutland,https://pokeapi.co/api/v2/pokemon-species/508/
purrloin,https://pokeapi.co/api/v2/pokemon-species/509/
liepard,https://pokeapi.co/api/v2/pokemon-species/510/
pansage,https://pokeapi.co/api/v2/pokemon-species/511/
simisage,https://pokeapi.co/api/v2/pokemon-species/512/
pansear,https://pokeapi.co/api/v2/pokemon-species/513/
simisear,https://pokeapi.co/api/v2/pokemon-species/514/
panpour,https://pokeapi.co/api/v2/pokemon-species/515/
simipour,https://pokeapi.co/api/v2/pokemon-species/516/
munna,https://pokeapi.co/api/v2/pokemon-species/517/
musharna,https://pokeapi.co/api/v2/pokemon-species/518/
pidove,https://pokeapi.co/api/v2/pokemon-species/519/
tranquill,https://pokeapi.co/api/v2/pokemon-species/520/
unfezant,https://pokeapi.co/api/v2/pokemon-species/521/
blitzle,https://pokeapi.co/api/v2/pokemon-species/522/
zebstrika,https://pokeapi.co/api/v2/pokemon-species/523/
roggenrola,https://pokeapi.co/api/v2/pokemon-species/524/
boldore,https://pokeapi.co/api/v2/pokemon-species/525/
gigalith,https://pokeapi.co/api/v2/pokemon-species/526/
woobat,https://pokeapi.co/api/v2/pokemon-species/527/
swoobat,https://pokeapi.co/api/v2/pokemon-species/528/
drilbur,https://pokeapi.co/api/v2/pokemon-species/529/
excadrill,https://pokeapi.co/api/v2/pokemon-species/530/
audino,https://pokeapi.co/api/v2/pokemon-species/531/
timburr,https://pokeapi.co/api/v2/pokemon-species/532/
gurdurr,https://pokeapi.co/api/v2/pokemon-species/533/
conkeldurr,https://pokeapi.co/api/v2/pokemon-species/534/
tympole,https://pokeapi.co/api/v2/pokemon-species/535/
palpitoad,https://pokeapi.co/api/v2/pokemon-species/536/
seismitoad,https://pokeapi.co/api/v2/pokemon-species/537/
throh,https://pokeapi.co/api/v2/pokemon-species/538/
sawk,https://pokeapi.co/api/v2/pokemon-species/539/
sewaddle,https://pokeapi.co/api/v2/pokemon-species/540/
swadloon,https://pokeapi.co/api/v2/pokemon-species/541/
leavanny,https://pokeapi.co/api/v2/pokemon-species/542/
venipede,https://pokeapi.co/api/v2/pokemon-species/543/
whirlipede,https://pokeapi.co/api/v2/pokemon-species/544/
scolipede,https://pokeapi.co/api/v2/pokemon-species/545/
cottonee,https://pokeapi.co/api/v2/pokemon-species/546/
whimsicott,https://pokeapi.co/api/v2/pokemon-species/547/
petilil,https://pokeapi.co/api/v2/pokemon-species/548/
lilligant,https://pokeapi.co/api/v2/pokemon-species/549/
basculin,https://pokeapi.co/api/v2/pokemon-species/550/
sandile,https://pokeapi.co/api/v2/pokemon-species/551/
krokorok,https://pokeapi.co/api/v2/pokemon-species/552/
krookodile,https://pokeapi.co/api/v2/pokemon-species/553/
darumaka,https://pokeapi.co/api/v2/pokemon-species/554/
darmanitan,https://pokeapi.co/api/v2/pokemon-species/555/
maractus,https://pokeapi.co/api/v2/pokemon-species/556/
dwebble,https://pokeapi.co/api/v2/pokemon-species/557/
crustle,https://pokeapi.co/api/v2/pokemon-species/558/
scraggy,https://pokeapi.co/api/v2/pokemon-species/559/
scrafty,https://pokeapi.co/api/v2/pokemon-species/560/
sigilyph,https://pokeapi.co/api/v2/pokemon-species/561/
yamask,https://pokeapi.co/api/v2/pokemon-species/562/
cofagrigus,https://pokeapi.co/api/v2/pokemon-species/563/
tirtouga,https://pokeapi.co/api/v2/pokemon-species/564/
carracosta,https://pokeapi.co/api/v2/pokemon-species/565/
archen,https://pokeapi.co/api/v2/pokemon-species/566/
archeops,https://pokeapi.co/api/v2/pokemon-species/567/
trubbish,https://pokeapi.co/api/v2/pokemon-species/568/
garbodor,https://pokeapi.co/api/v2/pokemon-species/569/
zorua,https://pokeapi.co/api/v2/pokemon-species/570/
zoroark,https://pokeapi.co/api/v2/pokemon-species/571/
minccino,https://pokeapi.co/api/v2/pokemon-species/572/
cinccino,https://pokeapi.co/api/v2/pokemon-species/573/
gothita,https://pokeapi.co/api/v2/pokemon-species/574/
gothorita,https://pokeapi.co/api/v2/pokemon-species/575/
gothitelle,https://pokeapi.co/api/v2/pokemon-species/576/
solosis,https://pokeapi.co/api/v2/pokemon-species/577/
duosion,https://pokeapi.co/api/v2/pokemon-species/578/
reuniclus,https://pokeapi.co/api/v2/pokemon-species/579/
ducklett,https://pokeapi.co/api/v2/pokemon-species/580/
swanna,https://pokeapi.co/api/v2/pokemon-species/581/
vanillite,https://pokeapi.co/api/v2/pokemon-species/582/
vanillish,https://pokeapi.co/api/v2/pokemon-species/583/
vanilluxe,https://pokeapi.co/api/v2/pokemon-species/584/
deerling,https://pokeapi.co/api/v2/pokemon-species/585/
sawsbuck,https://pokeapi.co/api/v2/pokemon-species/586/
emolga,https://pokeapi.co/api/v2/pokemon-species/587/
karrablast,https://pokeapi.co/api/v2/pokemon-species/588/
escavalier,https://pokeapi.co/api/v2/pokemon-species/589/
foongus,https://pokeapi.co/api/v2/pokemon-species/590/
amoonguss,https://pokeapi.co/api/v2/pokemon-species/591/
frillish,https://pokeapi.co/api/v2/pokemon-species/592/
jellicent,https://pokeapi.co/api/v2/pokemon-species/593/
alomomola,https://pokeapi.co/api/v2/pokemon-species/594/
joltik,https://pokeapi.co/api/v2/pokemon-species/595/
galvantula,https://pokeapi.co/api/v2/pokemon-species/596/
ferroseed,https://pokeapi.co/api/v2/pokemon-species/597/
ferrothorn,https://pokeapi.co/api/v2/pokemon-species/598/
klink,https://pokeapi.co/api/v2/pokemon-species/599/
klang,https://pokeapi.co/api/v2/pokemon-species/600/
klinklang,https://pokeapi.co/api/v2/pokemon-species/601/
tynamo,https://pokeapi.co/api/v2/pokemon-species/602/
eelektrik,https://pokeapi.co/api/v2/pokemon-species/603/
eelektross,https://pokeapi.co/api/v2/pokemon-species/604/
elgyem,https://pokeapi.co/api/v2/pokemon-species/605/
beheeyem,https://pokeapi.co/api/v2/pokemon-species/606/
litwick,https://pokeapi.co/api/v2/pokemon-species/607/
lampent,https://pokeapi.co/api/v2/pokemon-species/608/
chandelure,https://pokeapi.co/api/v2/pokemon-species/609/
axew,https://pokeapi.co/api/v2/pokemon-species/610/
fraxure,https://pokeapi.co/api/v2/pokemon-species/611/
haxorus,https://pokeapi.co/api/v2/pokemon-species/612/
cubchoo,https://pokeapi.co/api/v2/pokemon-species/613/
beartic,https://pokeapi.co/api/v2/pokemon-species/614/
cryogonal,https://pokeapi.co/api/v2/pokemon-species/615/
shelmet,https://pokeapi.co/api/v2/pokemon-species/616/
accelgor,https://pokeapi.co/api/v2/pokemon-species/617/
stunfisk,https://pokeapi.co/api/v2/pokemon-species/618/
mienfoo,https://pokeapi.co/api/v2/pokemon-species/619/
mienshao,https://pokeapi.co/api/v2/pokemon-species/620/
druddigon,https://pokeapi.co/api/v2/pokemon-species/621/
golett,https://pokeapi.co/api/v2/pokemon-species/622/
golurk,https://pokeapi.co/api/v2/pokemon-species/623/
pawniard,https://pokeapi.co/api/v2/pokemon-species/624/
bisharp,https://pokeapi.co/api/v2/pokemon-species/625/
bouffalant,https://pokeapi.co/api/v2/pokemon-species/626/
rufflet,https://pokeapi.co/api/v2/pokemon-species/627/
braviary,https://pokeapi.co/api/v2/pokemon-species/628/
vullaby,https://pokeapi.co/api/v2/pokemon-species/629/
mandibuzz,https://pokeapi.co/api/v2/pokemon-species/630/
heatmor,https://pokeapi.co/api/v2/pokemon-species/631/
durant,https://pokeapi.co/api/v2/pokemon-species/632/
deino,https://pokeapi.co/api/v2/pokemon-species/633/
zweilous,https://pokeapi.co/api/v2/pokemon-species/634/
hydreigon,https://pokeapi.co/api/v2/pokemon-species/635/
larvesta,https://pokeapi.co/api/v2/pokemon-species/636/
volcarona,https://pokeapi.co/api/v2/pokemon-species/637/
cobalion,https://pokeapi.co/api/v2/pokemon-species/638/
terrakion,https://pokeapi.co/api/v2/pokemon-species/639/
virizion,https://pokeapi.co/api/v2/pokemon-species/640/
tornadus,https://pokeapi.co/api/v2/pokemon-species/641/
thundurus,https://pokeapi.co/api/v2/pokemon-species/642/
reshiram,https://pokeapi.co/api/v2/pokemon-species/643/
zekrom,https://pokeapi.co/api/v2/pokemon-species/644/
landorus,https://pokeapi.co/api/v2/pokemon-species/645/
kyurem,https://pokeapi.co/api/v2/pokemon-species/646/
keldeo,https://pokeapi.co/api/v2/pokemon-species/647/
meloetta,https://pokeapi.co/api/v2/pokemon-species/648/
genesect,https://pokeapi.co/api/v2/pokemon-species/649/
chespin,https://pokeapi.co/api/v2/pokemon-species/650/
quilladin,https://pokeapi.co/api/v2/pokemon-species/651/
chesnaught,https://pokeapi.co/api/v2/pokemon-species/652/
fennekin,https://pokeapi.co/api/v2/pokemon-species/653/
braixen,https://pokeapi.co/api/v2/pokemon-species/654/
delphox,https://pokeapi.co/api/v2/pokemon-species/655/
froakie,https://pokeapi.co/api/v2/pokemon-species/656/
frogadier,https://pokeapi.co/api/v2/pokemon-species/657/
greninja,https://pokeapi.co/api/v2/pokemon-species/658/
bunnelby,https://pokeapi.co/api/v2/pokemon-species/659/
diggersby,https://pokeapi.co/api/v2/pokemon-species/660/
fletchling,https://pokeapi.co/api/v2/pokemon-species/661/
fletchinder,https://pokeapi.co/api/v2/pokemon-species/662/
talonflame,https://pokeapi.co/api/v2/pokemon-species/663/
scatterbug,https://pokeapi.co/api/v2/pokemon-species/664/
spewpa,https://pokeapi.co/api/v2/pokemon-species/665/
vivillon,https://pokeapi.co/api/v2/pokemon-species/666/
litleo,https://pokeapi.co/api/v2/pokemon-species/667/
pyroar,https://pokeapi.co/api/v2/pokemon-species/668/
flabebe,https://pokeapi.co/api/v2/pokemon-species/669/
floette,https://pokeapi.co/api/v2/pokemon-species/670/
florges,https://pokeapi.co/api/v2/pokemon-species/671/
skiddo,https://pokeapi.co/api/v2/pokemon-species/672/
gogoat,https://pokeapi.co/api/v2/pokemon-species/673/
pancham,https://pokeapi.co/api/v2/pokemon-species/674/
pangoro,https://pokeapi.co/api/v2/pokemon-species/675/
furfrou,https://pokeapi.co/api/v2/pokemon-species/676/
espurr,https://pokeapi.co/api/v2/pokemon-species/677/
meowstic,https://pokeapi.co/api/v2/pokemon-species/678/
honedge,https://pokeapi.co/api/v2/pokemon-species/679/
doublade,https://pokeapi.co/api/v2/pokemon-species/680/
aegislash,https://pokeapi.co/api/v2/pokemon-species/681/
spritzee,https://pokeapi.co/api/v2/pokemon-species/682/
aromatisse,https://pokeapi.co/api/v2/pokemon-species/683/
swirlix,https://pokeapi.co/api/v2/pokemon-species/684/
slurpuff,https://pokeapi.co/api/v2/pokemon-species/685/
inkay,https://pokeapi.co/api/v2/pokemon-species/686/
malamar,https://pokeapi.co/api/v2/pokemon-species/687/
binacle,https://pokeapi.co/api/v2/pokemon-species/688/
barbaracle,https://pokeapi.co/api/v2/pokemon-species/689/
skrelp,https://pokeapi.co/api/v2/pokemon-species/690/
dragalge,https://pokeapi.co/api/v2/pokemon-species/691/
clauncher,https://pokeapi.co/api/v2/pokemon-species/692/
clawitzer,https://pokeapi.co/api/v2/pokemon-species/693/
helioptile,https://pokeapi.co/api/v2/pokemon-species/694/
heliolisk,https://pokeapi.co/api/v2/pokemon-species/695/
tyrunt,https://pokeapi.co/api/v2/pokemon-species/696/
tyrantrum,https://pokeapi.co/api/v2/pokemon-species/697/
amaura,https://pokeapi.co/api/v2/pokemon-species/698/
aurorus,https://pokeapi.co/api/v2/pokemon-species/699/
sylveon,https://pokeapi.co/api/v2/pokemon-species/700/
hawlucha,https://pokeapi.co/api/v2/pokemon-species/701/
dedenne,https://pokeapi.co/api/v2/pokemon-species/702/
carbink,https://pokeapi.co/api/v2/pokemon-species/703/
goomy,https://pokeapi.co/api/v2/pokemon-species/704/
sliggoo,https://pokeapi.co/api/v2/pokemon-species/705/
goodra,https://pokeapi.co/api/v2/pokemon-species/706/
klefki,https://pokeapi.co/api/v2/pokemon-species/707/
phantump,https://pokeapi.co/api/v2/pokemon-species/708/
trevenant,https://pokeapi.co/api/v2/pokemon-species/709/
pumpkaboo,https://pokeapi.co/api/v2/pokemon-species/710/
gourgeist,https://pokeapi.co/api/v2/pokemon-species/711/
bergmite,https://pokeapi.co/api/v2/pokemon-species/712/
avalugg,https://pokeapi.co/api/v2/pokemon-species/713/
noibat,https://pokeapi.co/api/v2/pokemon-species/714/
noivern,https://pokeapi.co/api/v2/pokemon-species/715/
xerneas,https://pokeapi.co/api/v2/pokemon-species/716/
yveltal,https://pokeapi.co/api/v2/pokemon-species/717/
zygarde,https://pokeapi.co/api/v2/pokemon-species/718/
diancie,https://pokeapi.co/api/v2/pokemon-species/719/
hoopa,https://pokeapi.co/api/v2/pokemon-species/720/
volcanion,https://pokeapi.co/api/v2/pokemon-species/721/
rowlet,https://pokeapi.co/api/v2/pokemon-species/722/
dartrix,https://pokeapi.co/api/v2/pokemon-species/723/
decidueye,https://pokeapi.co/api/v2/pokemon-species/724/
litten,https://pokeapi.co/api/v2/pokemon-species/725/
torracat,https://pokeapi.co/api/v2/pokemon-species/726/
incineroar,https://pokeapi.co/api/v2/pokemon-species/727/
popplio,https://pokeapi.co/api/v2/pokemon-species/728/
brionne,https://pokeapi.co/api/v2/pokemon-species/729/
primarina,https://pokeapi.co/api/v2/pokemon-species/730/
pikipek,https://pokeapi.co/api/v2/pokemon-species/731/
trumbeak,https://pokeapi.co/api/v2/pokemon-species/732/
toucannon,https://pokeapi.co/api/v2/pokemon-species/733/
yungoos,https://pokeapi.co/api/v2/pokemon-species/734/
gumshoos,https://pokeapi.co/api/v2/pokemon-species/735/
grubbin,https://pokeapi.co/api/v2/pokemon-species/736/
charjabug,https://pokeapi.co/api/v2/pokemon-species/737/
vikavolt,https://pokeapi.co/api/v2/pokemon-species/738/
crabrawler,https://pokeapi.co/api/v2/pokemon-species/739/
crabominable,https://pokeapi.co/api/v2/pokemon-species/740/
oricorio,https://pokeapi.co/api/v2/pokemon-species/741/
cutiefly,https://pokeapi.co/api/v2/pokemon-species/742/
ribombee,https://pokeapi.co/api/v2/pokemon-species/743/
rockruff,https://pokeapi.co/api/v2/pokemon-species/744/
lycanroc,https://pokeapi.co/api/v2/pokemon-species/745/
wishiwashi,https://pokeapi.co/api/v2/pokemon-species/746/
mareanie,https://pokeapi.co/api/v2/pokemon-species/747/
toxapex,https://pokeapi.co/api/v2/pokemon-species/748/
mudbray,https://pokeapi.co/api/v2/pokemon-species/749/
mudsdale,https://pokeapi.co/api/v2/pokemon-species/750/
dewpider,https://pokeapi.co/api/v2/pokemon-species/751/
araquanid,https://pokeapi.co/api/v2/pokemon-species/752/
fomantis,https://pokeapi.co/api/v2/pokemon-species/753/
lurantis,https://pokeapi.co/api/v2/pokemon-species/754/
morelull,https://pokeapi.co/api/v2/pokemon-species/755/
shiinotic,https://pokeapi.co/api/v2/pokemon-species/756/
salandit,https://pokeapi.co/api/v2/pokemon-species/757/
salazzle,https://pokeapi.co/api/v2/pokemon-species/758/
stufful,https://pokeapi.co/api/v2/pokemon-species/759/
bewear,https://pokeapi.co/api/v2/pokemon-species/760/
bounsweet,https://pokeapi.co/api/v2/pokemon-species/761/
steenee,https://pokeapi.co/api/v2/pokemon-species/762/
tsareena,https://pokeapi.co/api/v2/pokemon-species/763/
comfey,https://pokeapi.co/api/v2/pokemon-species/764/
oranguru,https://pokeapi.co/api/v2/pokemon-species/765/
passimian,https://pokeapi.co/api/v2/pokemon-species/766/
wimpod,https://pokeapi.co/api/v2/pokemon-species/767/
golisopod,https://pokeapi.co/api/v2/pokemon-species/768/
sandygast,https://pokeapi.co/api/v2/pokemon-species/769/
palossand,https://pokeapi.co/api/v2/pokemon-species/770/
pyukumuku,https://pokeapi.co/api/v2/pokemon-species/771/
type-null,https://pokeapi.co/api/v2/pokemon-species/772/
silvally,https://pokeapi.co/api/v2/pokemon-species/773/
minior,https://pokeapi.co/api/v2/pokemon-species/774/
komala,https://pokeapi.co/api/v2/pokemon-species/775/
turtonator,https://pokeapi.co/api/v2/pokemon-species/776/
togedemaru,https://pokeapi.co/api/v2/pokemon-species/777/
mimikyu,https://pokeapi.co/api/v2/pokemon-species/778/
bruxish,https://pokeapi.co/api/v2/pokemon-species/779/
drampa,https://pokeapi.co/api/v2/pokemon-species/780/
dhelmise,https://pokeapi.co/api/v2/pokemon-species/781/
jangmo-o,https://pokeapi.co/api/v2/pokemon-species/782/
hakamo-o,https://pokeapi.co/api/v2/pokemon-species/783/
kommo-o,https://pokeapi.co/api/v2/pokemon-species/784/
tapu-koko,https://pokeapi.co/api/v2/pokemon-species/785/
tapu-lele,https://pokeapi.co/api/v2/pokemon-species/786/
tapu-bulu,https://pokeapi.co/api/v2/pokemon-species/787/
tapu-fini,https://pokeapi.co/api/v2/pokemon-species/788/
cosmog,https://pokeapi.co/api/v2/pokemon-species/789/
cosmoem,https://pokeapi.co/api/v2/pokemon-species/790/
solgaleo,https://pokeapi.co/api/v2/pokemon-species/791/
lunala,https://pokeapi.co/api/v2/pokemon-species/792/
nihilego,https://pokeapi.co/api/v2/pokemon-species/793/
buzzwole,https://pokeapi.co/api/v2/pokemon-species/794/
pheromosa,https://pokeapi.co/api/v2/pokemon-species/795/
xurkitree,https://pokeapi.co/api/v2/pokemon-species/796/
celesteela,https://pokeapi.co/api/v2/pokemon-species/797/
kartana,https://pokeapi.co/api/v2/pokemon-species/798/
guzzlord,https://pokeapi.co/api/v2/pokemon-species/799/
necrozma,https://pokeapi.co/api/v2/pokemon-species/800/
magearna,https://pokeapi.co/api/v2/pokemon-species/801/
marshadow,https://pokeapi.co/api/v2/pokemon-species/802/
poipole,https://pokeapi.co/api/v2/pokemon-species/803/
naganadel,https://pokeapi.co/api/v2/pokemon-species/804/
stakataka,https://pokeapi.co/api/v2/pokemon-species/805/
blacephalon,https://pokeapi.co/api/v2/pokemon-species/806/
zeraora,https://pokeapi.co/api/v2/pokemon-species/807/
